Electorate Candidate and Party Votes Recorded at Each Polling Place
"Te Tai Tonga 68","Candidate Vote Details"
,,"CALDWELL, Russell Stanton","OHIA, Rereamoamo Monte","OKEROA, Mahara","SAMUEL, Maru David","STANTON TURIE, Metiria Leanne Agnes","Total Valid Candidate Votes","Informal Candidate Votes"
,Aoraki
"Arowhenua","Arowhenua Maori School, Huirapa Street",1,16,22,1,4,44,1
"Fairlie","Fairlie Primary School",2,2,3,0,0,7,1
"Geraldine","Geraldine High School",0,0,5,0,2,7,0
,"Primary School, Wilson Street",1,4,3,0,0,8,0
"Glenavy","Glenavy School",1,3,4,2,0,10,0
"Lake Tekapo","Lake Tekapo School",0,3,4,0,1,8,0
"Morven","Morven School",1,4,5,1,4,15,0
"Omarama","Omarama School",1,4,2,0,1,8,1
"Pareora East","Timaru South School, Paeroa Campus",1,1,3,0,0,5,1
"Pleasant Point","Pleasant Point Hall, Halstead Rd",1,2,2,1,2,8,2
"Temuka","Opihi College, 83 Richard Pearse Drive",0,3,3,0,3,9,0
,"Presbyterian Church Complex, Hally Terrace",0,3,9,0,1,13,0
,"Primary School, 9 Hayhurst Street",0,2,10,0,6,18,0
,"St John Ambulance Hall, King Street",0,4,6,0,5,15,0
"Timaru","Aoraki International College, Grey Road",0,3,6,0,1,10,1
,"Bluestone School, Raymond Street",1,4,11,0,1,17,0
,"Caroline Bay Community Lounge",0,2,6,0,1,9,0
,"Courthouse, 12 North Street",0,2,9,0,1,12,0
,"Gleniti School, 22 Heath Street",0,1,3,0,1,5,1
,"Grantlea Downs School, 65 Grants Road",0,3,16,0,4,23,0
,"Highfield School, Rimu Street",1,2,8,0,4,15,0
,"Kensington-Otipua Parish Hall, 11 Otipua Road",0,2,2,1,2,7,0
,"Methodist Church Hall, 4 Woodlands Road",1,9,6,1,2,19,1
,"Oceanview Heights School, Selwyn Street",0,3,7,0,3,13,0
,"South School, 44 Queen Street",1,2,13,2,1,19,0
,"St John's Church Hall, Wai-iti Road",0,1,7,0,0,8,0
,"St Josephs School, 50 Kelvin Street",2,1,1,0,2,6,0
,"St Mary's Church Hall, 24 Church Street",0,0,4,1,3,8,2
,"St Stephen's Church Hall, 349 Wai-iti Road",1,2,5,0,2,10,1
,"Trinity Church Hall, College Road",0,3,4,0,3,10,0
,"Trinity West, Presbyterian Church Hall, Church Street",0,1,5,0,4,10,3
,"Waimataitai Kindergarten, 69 Evans Street",0,2,3,0,1,6,1
,"Waimataitai School Library, Trafalgar Street",1,7,13,0,3,24,1
"Twizel","Twizel Area School",0,4,8,1,4,17,2
"Waimate","Main School Hall, John Street",0,2,3,0,1,6,0
,Banks Peninsula
"Banks Peninsula","Akaroa Gaiety Hall, Rue Jolie",1,6,8,0,4,19,1
,"NZ Post Agency, Main Road, Little River",2,2,8,0,0,12,1
"Beckenham","Thorrington School Hall, Colombo Street South",2,5,8,0,3,18,0
"Cashmere","Cashmere Primary School, 135 Hackthorne Road",0,2,4,1,0,7,1
,"Landsdowne Community Centre, Landsdowne Terrace",1,3,3,0,0,7,0
,"Princess Margaret Hospital Day Hospital, Cashmere Road",3,2,1,0,2,8,0
"Cass Bay","Navy League, TS Steadfast, Governors Bay Road",0,8,7,1,1,17,0
"Diamond Harbour","Diamond Harbour Community Centre, Waipapa Ave",0,3,3,0,2,8,0
"Halswell","Catholic Church Hall, Nicholls Road",1,7,7,0,0,15,1
,"Halswell School Hall, cnr Kennedys Bush Rd & School Rd",2,4,7,0,1,14,0
,"St Mary's Anglican Church Hall, 329 Halswell Rd",1,8,15,0,1,25,0
"Heathcote Valley","Heathcote Valley School, Bridle Path Road",0,3,10,1,7,21,0
"Hillsborough","Commercial Premises, 34 Curries Rd - Opposite Curries Reserve",0,3,3,0,1,7,1
"Linwood","Linwood Avenue School, 260 Linwood Avenue",3,19,39,0,12,73,2
,"Union Church Hall, 378 Linwood Avenue",1,14,28,3,6,52,0
"Lyttelton","Lyttelton Main School, Oxford Street",1,11,19,0,4,35,1
,"Lyttelton West School, Voelas Road",1,3,2,0,0,6,0
"Mt Pleasant","Mt Pleasant Community Centre, McCormacks Bay Road",0,7,2,1,3,13,2
,"Mt Pleasant School, Major Hornbrook Road",0,2,7,0,1,10,1
"Oaklands","Oaklands School, Cunningham Place",3,5,4,0,1,13,1
"Opawa","Opawa Community Church Hall, 7a Aynsley Terrace",0,15,9,0,4,28,1
,"Opawa School, Newbery Street",0,0,5,0,4,9,0
"Redcliffs","St Andrews Church, Main Road",0,4,5,0,2,11,3
"St Martins","Hillview Christian Senior School, 125 Wilsons Road",0,3,9,1,4,17,0
,"Scout Den Opposite Rapaki Road, 297 Centaurus Road",0,1,4,0,1,6,0
,"St Anne's Anglican Church Hall, 7 Wilsons Road",0,6,4,0,2,12,0
"Sumner","Star of the Sea School Hall (cnr Colenso and Menzies Streets)",0,6,5,0,4,15,0
,"Sumner Community Centre, cnr Wakefield Ave & Nayland St",0,5,3,1,4,13,0
"Westmorland","Garage, 10 Highcrest Heights",1,5,0,0,0,6,0
"Woolston","Christchurch Polytechnic Staff Common Room (cnr Ensors Road and Sullivan Avenue)",1,5,6,1,3,16,0
,"Edmonds-Smith Street Kindergarten, 21 Smith Street",0,10,19,1,3,33,0
,"St Johns Church Hall, Ferry Road",1,23,25,1,13,63,3
,"Woolston School, Hopkins Street",3,23,36,1,13,76,1
,Christchurch Central
"Addington","Kidsfirst Kindergarten, 366 Selwyn Street",5,20,20,0,3,48,1
,"Sacred Heart Parish Hall, 70 Spencer Street",4,3,16,1,1,25,0
"Avonside","Avonside Early Childhood Centre, 43 Woodham Road",0,3,7,0,4,14,0
,"Avonside Scout Den, 11 Retreat Road",2,6,17,1,4,30,1
,"Holy Trinity Anglican Church Hall, 168 Stanmore Road",0,4,7,2,4,17,0
"Christchurch City","Cathedral College, cnr Barbadoes Street and Moorhouse Avenue",0,15,5,0,3,23,0
,"Christchurch Central Public Library, cnr Gloucester St & Oxford Tce",1,12,28,2,8,51,1
,"Christchurch East School, 311 Gloucester Street",1,29,19,2,9,60,1
,"Christchurch Hospital, The Great Escape Cafe",0,6,10,0,2,18,1
,"Disability Information Service, Disabled Persons Centre, 314 Worcester Street",2,6,4,0,0,12,0
,"District Court, Family Court Building, 85 Armagh Street",1,2,3,0,2,8,0
,"Hagley Community College, 510 Hagley Avenue",0,2,9,0,0,11,0
,"HMNZS Pegasus, 419 Montreal Street",1,3,5,0,0,9,1
,"St Luke's Church, 250 Manchester Street",2,7,5,0,3,17,1
,"St Mary's Parish Hall, 375 Manchester Street",0,2,7,1,3,13,1
,"The Arts Centre, Hurst Seager Room, cnr Hereford Street & Rolleston Avenue",0,6,4,0,4,14,1
"Linwood","Linwood Bible Chapel, 78 Stanmore Road",1,15,20,4,2,42,2
,"Linwood College Hall, 85 Aldwins Road",0,9,23,0,2,34,2
,"Linwood Intermediate School, McLean Street",0,10,13,1,5,29,0
,"Linwood North School Hall, 221 Woodham Road",2,16,34,3,8,63,2
,"St Chad's Anglican Church Hall, 11 Carnarvon Street (cnr Buckleys Road)",0,2,9,1,0,12,1
"Mairehau","Aldred Methodist Hall, Knowles Street (cnr Nancy Avenue)",0,2,9,0,1,12,0
,"Glenmoor School, 96 Philpotts Road",0,0,4,0,1,5,1
,"Mairehau Primary School, 43 Mahars Road",1,10,5,0,1,17,2
"Opawa","Opawa Baptist Hall, 285 Wilsons Road",1,6,7,1,2,17,0
"Papanui","Papanui Primary School, Winters Road",0,6,9,0,1,16,1
,"Paparoa Street School, Paparoa Street",1,7,5,1,1,15,1
"Phillipstown","Phillipstown School, 21 Nursery Road",2,22,36,1,9,70,1
,"Te Waipounamu Maori Cultural Centre, 290 Ferry Road",2,31,16,1,3,53,1
"Richmond","North Avon Baptist Church Hall, 103 North Avon Road",4,7,14,0,1,26,0
,"Richmond Kindergarten, 41 North Avon Road",0,8,8,1,3,20,0
,"Richmond Primary School, Pavitt Street",1,5,8,0,6,20,0
"Shirley","Hammersley Park School, 102 Quinns Road",0,7,16,0,2,25,1
,"MacFarlane Park Free Kindergarten, 19 Acheson Avenue",0,2,16,0,2,20,6
,"Shirley Community Centre, Shirley Road (cnr Slater Street)",1,17,25,1,9,53,0
,"Shirley Intermediate School Hall, North Parade (cnr Shirley Road)",2,5,15,2,6,30,1
"St Albans","Beulah Christian Fellowship Church, 140 Springfield Road",2,6,7,0,3,18,1
,"Lamb of God Community Hall, 19 Thames Street",0,2,6,3,2,13,0
,"Malvern Scout Hall, Innes Road (Adjacent Rugby Park)",0,6,1,0,0,7,0
,"Rehua Marae, 79 Springfield Road",1,28,14,0,3,46,2
,"St Albans Community Resource Centre, 1049 Colombo Street",1,8,17,0,3,29,0
,"St Albans School, 17 Sheppard Place",2,7,4,1,6,20,1
"Waltham","Waltham School, cnr Hastings Street East and Vienna Street",4,12,18,0,5,39,0
,Christchurch East
"Aranui","School Rooms 1 and 2, 257 Breezes Road",4,42,48,2,10,106,2
,"St Ambrose Church Cafe, 309 Breezes Road",4,26,21,1,4,56,0
,"St James School Room 4, 25 Rowan Avenue",0,15,27,0,4,46,3
"Avondale","School Rooms 5 and 6, 132 Breezes Road",0,6,19,3,3,31,2
,"Woolley Street Kindergarten, 63 Woolley Street",0,7,7,0,3,17,0
"Bexley","Samoan Assembly of God Hall, cnr 157 Bexley Rd and 3 Brook St",1,5,10,0,0,16,1
"Bromley","School Library, 33 Keighleys Road",4,25,28,1,4,62,0
"Brooklands","Community Centre Hall, 5 Anfield Street",1,2,3,0,2,8,0
"Burwood","Burwood Christian Centre, 54 Bassett Street",1,7,9,2,2,21,3
,"Burwood School Hall, 255 New Brighton Road",2,8,12,1,4,27,0
,"Quaker Meeting House Children's Room, 72 Cresswell Ave",1,2,3,1,0,7,0
,"Tumara Park Section Sales Office, cnr Putake Dr & Titirangi Cres",2,0,2,0,2,6,1
,"Windsor School Hall, 170 Burwood Road",2,14,14,2,0,32,2
"Dallington","Banks Avenue School Hall, 71 Banks Avenue",0,6,9,1,2,18,0
,"Dallington Scout Group, 3 Halberg St",1,4,4,1,1,11,0
,"St Paul's School Rooms 1 and 2, 21 Gayhurst Road",0,6,12,0,1,19,1
"Kainga","Public Hall, Kainga Road",0,1,8,1,0,10,0
"New Brighton","Central New Brighton School, Roy Stokes Hall, Seaview Road",4,35,60,1,12,112,4
"North New Brighton","Freeville School, Room 3, Sandy Avenue",0,3,10,1,5,19,1
,"Queen Elizabeth II Park Preschool, Travis Road",0,5,5,0,3,13,0
,"Redemptorist Retreat Centre Hall, 268 Bower Avenue",0,4,12,0,6,22,1
,"School Hall, Leaver Terrace",0,5,11,1,5,22,0
,"War Memorial Community Centre, 93 Marine Parade",2,8,9,1,2,22,1
"Parklands","Parkview School Hall, 10 Chadbury Street",1,20,38,5,9,73,4
"Queenspark","School Library, 222 Queenspark Drive",3,8,10,1,6,28,1
"South New Brighton","South Brighton Community Centre, 74 Beatty Street",2,17,23,3,8,53,0
,"South Brighton Croquet Club Rooms, 132 Union Street",0,1,7,0,3,11,0
"Wainoni","Methodist Church Lounge, 878 Avonside Drive",1,4,5,1,1,12,0
,"Ottawa Gardens Pre-School, 49 Ottawa Road",0,2,4,1,1,8,0
,"School Hall, 115 Eureka Street",0,15,16,1,0,32,3
,Clutha-Southland
"Balclutha","Balclutha Primary School Hall, Lanark St",2,7,13,0,0,22,1
,"Balmoral Church Hall, Essex St",0,4,11,0,1,16,1
,"Rosebank School Hall, Frances St",1,6,17,0,0,24,0
,"St Andrew's Church Hall, George St",0,4,8,0,0,12,0
"Clinton","Clinton School",0,2,6,0,0,8,0
"Colac Bay","Fire Station",1,3,4,0,2,10,0
"Edendale","Edendale School, 24 Salford St",8,0,1,1,1,11,1
"Gore","Calvin Presbyterian Church Centre, Robertson St",1,8,8,0,2,19,0
,"East Gore School Hall, Wentworth St",3,3,5,0,0,11,2
,"Gore District Court, Hokonui Drive",1,7,17,0,3,28,0
,"Gore Main School, School Hall, Ardwick St",0,2,6,0,4,12,0
,"Pipe Band Hall, Hyde St",0,5,7,0,1,13,1
"Kaitangata","Kaitangata School",1,2,16,1,4,24,2
"Kaka Point","Kaka Point Community Centre",0,1,5,0,0,6,0
"Lawrence","St John Rooms",1,3,1,5,0,10,3
"Lumsden","Lumsden School",0,5,8,0,0,13,0
"Mataura","Mataura School Hall, Oakland St",4,26,47,2,6,85,2
"Milton","Tokomairiro Co-op Parish Hall, Union St",0,7,21,0,3,31,0
,"Tokomairiro High School, Union St",1,5,13,0,4,23,0
"Mossburn","Mossburn School",0,2,2,0,2,6,0
"Nightcaps","Takitimu Primary School, Evans St",1,5,1,0,1,8,1
"Ohai","Ohai Town Hall",0,8,13,0,0,21,0
"Otautau","Otautau School",3,7,10,0,2,22,1
"Outram","Outram School",2,2,4,0,4,12,1
"Owaka","Memorial Community Centre",2,3,2,1,5,13,1
"Riversdale","Riversdale School",1,2,1,1,0,5,1
"Riverton","Riverton Primary School Hall, Princess St",0,20,25,4,8,57,1
"Tahakopa","Tahakopa School",0,2,2,0,1,5,1
"Taieri Beach","Taieri Beach School Library",1,1,4,0,0,6,0
"Tapanui","Tapanui School",2,5,4,0,0,11,0
"Te Anau","Te Anau School Hall",1,6,12,1,3,23,1
"Tokanui","Tokanui School, Duncan St",2,1,4,0,2,9,1
"Tuatapere","Tuatapere Community College",0,11,5,0,1,17,3
"Waihola","Waihola & Districts School",0,5,2,0,0,7,0
"Waikawa","Waikawa Hall",0,5,1,0,0,6,1
"Winton","Central Southland College, Grange St",0,3,7,0,3,13,0
,"Winton Primary School, Room 7, Eglinton St",0,3,6,1,0,10,2
"Wyndham","Wyndham Primary School, Florence St",2,8,7,0,0,17,0
,Dunedin North
"Balmacewan","Balmacewan Intermediate School, 44 Chapman Street",1,3,1,0,1,6,0
"Brockville","Brockville School, 263 Brockville Road",0,9,19,0,4,32,0
"Dunedin Central","Arthur Street School, 26 Arthur Street",0,3,11,0,3,17,0
,"Court House, 41 Lower Stuart Street",1,4,7,0,9,21,0
,"Dunedin Hospital, 1st Floor Foyer to Lecture Halls, Great King St",0,7,5,0,5,17,0
,"High Street School, 7 Montpellier Street",0,7,14,1,3,25,3
,"Salvation Army McMillan Lounge, 575 Princes Street",0,3,11,0,2,16,1
,"The Dunedin Centre, 1 Harrop St, Dunedin",0,2,2,0,3,7,1
"Dunedin North","All Saints Church Hall, 786 Cumberland Street",0,2,4,1,1,8,0
,"Dunedin College of Education, 141 Union Street",0,8,8,0,5,21,0
,"George Street Normal School, 989 George Street",3,12,11,1,3,30,0
,"Kelsey Yaralla Kindergarten, 4 Trent Avenue",0,0,6,0,1,7,0
,"Knox Church Hall, 453 George Street (cnr Pitt Street)",0,4,7,0,5,16,0
,"University of Otago (ISB Link East), Cumberland St",1,12,18,2,11,44,0
,"University of Otago (ISB Link West), Cumberland St",2,9,11,0,10,32,0
"Halfway Bush","Halfway Bush Community Hall, 54 Ashmore Street",0,1,9,0,0,10,0
"Kaikorai","Kaikorai Plunket Rooms, 11 Kaikorai Valley Road",0,4,5,0,1,10,0
,"Kaikorai Presbyterian Church Hall, 127 Taieri Road (cnr Nairn Street)",0,2,8,0,3,13,1
,"Kaikorai Valley College, 500 Kaikorai Valley Rd Kenmure",1,1,7,0,0,9,0
"Maori Hill","Coronation Hall, 1 Balmacewan Road",1,3,5,0,2,11,0
"Mornington","Mornington School, 34 Elgin Road",1,11,16,0,4,32,1
,"Mornington Scout Hall, Argyle Street",2,3,6,0,1,12,0
,"St Francis Xavier School, 27 Benhar Street",0,5,4,0,3,12,0
"North East Valley","Dunedin North Intermediate School, 34 North Road",1,12,9,0,9,31,1
,"North East Valley Presbyterian Youth Centre, 213 North Road",1,13,18,0,4,36,1
"Opoho","Opoho School, 96 Signal Hill Road",0,4,6,0,0,10,0
"Pine Hill","Pine Hill School, 2 Wilkinson Street",0,4,17,0,4,25,2
"Port Chalmers","Port Chalmers School, 30A Albertson Avenue",0,1,6,0,2,9,0
,"Port Chalmers Town Hall, Grey Street",1,3,8,0,1,13,0
"Ravensbourne","Ravensbourne Community Hall, Wanaka Street",1,6,4,0,2,13,0
"Roslyn","Kaikorai Primary School, Wright Street",1,2,7,0,1,11,0
,"Presbyterian Church Hall, 21 Highgate",0,3,2,0,3,8,1
"Sawyers Bay","Sawyers Bay School, 99 Stevenson Avenue",1,1,10,0,0,12,0
"St Leonards","King George Hall, 29 St Leonards Road",0,3,1,0,2,6,0
"Wakari","Wakari School, 150 Helensburgh Road",0,7,10,0,2,19,1
,Dunedin South
"Abbotsford","Scout Hall, Abbotsford Road (cnr Unsworth Street)",2,7,10,0,1,20,0
"Andersons Bay","Presbyterian Church Hall, Silverton Street",2,4,10,0,4,20,0
"Brighton","Brighton School, 2 Bath St",0,0,15,2,0,17,1
"Broad Bay","Broad Bay School, Roebuck Rise",0,1,2,0,3,6,0
"Calton Hill","Calton Hill School, 38 Riselaw Road",1,11,18,0,2,32,0
"Caversham","Caversham Presbyterian Church Hall, 61 Thorn Street",0,4,8,0,2,14,1
,"Caversham School Hall, Surrey Street",1,16,24,1,6,48,2
"Concord","Kindergarten, 93 Mulford Street",1,0,6,0,2,9,0
"Corstorphine","Community Centre, Middleton Road",1,9,15,1,2,28,3
,"Corstorphine School, Lockerbie Street",0,4,4,0,5,13,0
"Fairfield","Fairfield Community Hall, Main Road",0,4,9,0,1,14,1
"Forbury Corner","St Bernadettes School Hall, 16 Forbury Road",0,2,6,0,4,12,2
"Green Island","Pipe Band Hall, Main South Road",0,6,13,0,2,21,1
,"Plunket Rooms, Main South Road",0,2,7,1,4,14,0
"Macandrew Bay","Macandrew Bay School, 488 Portobello Road",0,1,3,0,4,8,0
"Mosgiel","Coronation Hall, Gordon Rd",0,2,5,0,1,8,0
,"Elmgrove School, 74 Argyle Street",2,3,0,0,2,7,0
,"Mosgiel Abilities Resource Centre, 16 Green Street",0,5,4,0,0,9,1
,"Mosgiel Public Library, 7 Hartstonge Avenue",0,4,13,0,2,19,0
,"Reid Park Kindergarten, 63 Murray Street",1,0,8,0,1,10,0
,"St Mary's School Hall, Gordon Rd",1,3,11,1,2,18,1
"Musselburgh","Baptist Sunday School Hall, 131 Musselburgh Rise",0,7,8,1,0,16,0
,"Musselburgh School, 34 Marlow Street",0,1,11,0,5,17,0
,"Presbyterian Sunday School Hall, Queens Drive",2,4,5,0,0,11,0
"Ocean View","Public Hall, Brighton Road",1,3,9,0,2,15,0
"Otakou","Te Rununga Otakou, Otakou Marae, Tamatea Road",1,5,8,0,3,17,0
"Portobello","Portobello School, Harrington Point Road",0,2,4,0,2,8,0
"South Dunedin","Dunedin South Presbyterian Hall, 393 King Edward St",1,6,14,0,6,27,1
,"Edgar Sports Centre, Lounge 2, Portsmouth Drive",2,32,28,0,5,67,1
,"Macandrew Intermediate School, 213 Macandrew Road",0,7,14,3,5,29,1
,"Methodist Church Hall, Wesley Street",0,2,5,0,0,7,0
,"Salvation Army Hall, 190 King Edward Street",0,6,17,1,6,30,1
,"St Patrick's Parish Centre, 32 Macandrew Road",0,5,1,0,1,7,0
"St Clair","St Clair School, 135 Richardson Street",0,12,11,2,8,33,0
"St Kilda","Holy Cross Anglican Church, Ajax Street",0,4,7,0,2,13,0
"Tainui","Tainui School Hall, 41 Tahuna Road",0,3,10,0,3,16,0
"Waverley","Otago Sports Car Club Hall, 97 Larnach Road",2,2,3,0,2,9,0
"Wingatui","Wingatui Hall, Gladstone Road",2,2,2,1,1,8,0
,Hutt South
"Alicetown","Hutt Central School, Railway Avenue",2,16,22,2,6,48,0
"Avalon","Dyer Street School, Dyer Street",0,11,16,1,3,31,0
"Boulcott","Boulcott School, Boulcott Street",0,7,3,0,2,12,0
"Eastbourne","Muritai School, 160 Muritai Road",0,5,5,0,2,12,0
"Epuni","Epuni School Hall, 313 Waiwhetu Road",0,22,34,2,3,61,2
,"Hutt City Musical Theatre Inc, 40 Mitchell Street",0,10,24,0,3,37,0
"Gracefield","Gracefield School, Bell Road",1,13,14,0,5,33,1
"Hutt Central","Eastern Hutt School, 83 Kings Crescent",1,9,11,1,0,22,0
,"Hutt Hospital, High Street",0,5,11,2,2,20,1
,"Hutt Intermediate School Hall, Wilford Street",0,0,5,0,1,6,0
,"Hutt Valley High School, 84 Woburn Road",2,18,13,3,1,37,0
,"Knox Presbyterian Church Hall, 574 High Street",1,7,18,3,2,31,3
,"St Bernard's College, 183 Waterloo Road",0,4,8,0,4,16,1
,"STS Peter and Paul School, Myrtle Street",0,1,5,0,4,10,0
"Moera","Randwick School, Randwick Road",0,27,62,6,10,105,3
"Naenae","Kindergarten, 19 Seddon Street",0,35,32,3,7,77,3
,"Maota Samoa Hall, 25 Treadwell Street",0,26,40,0,4,70,3
,"Naenae School, Wheatley Street",1,31,46,7,4,89,3
"Petone","Air Training Corps Drill Hall, 2A Udy Street",0,17,19,0,5,41,1
,"Petone Central School, 16 Britannia Street",0,51,76,1,12,140,4
,"Wilford School Hall, William Street",0,41,49,4,16,110,2
"Waiwhetu","Our Lady of the Rosary School, Wainui Road",1,6,15,2,2,26,3
,"St Paul's Parish Hall, 76 Waiwhetu Road",0,7,8,2,3,20,0
,"Waiwhetu Marae Meeting House, Puketapu Grove",0,68,64,4,3,139,2
"Waterloo","Waterloo School, Hardy Street",1,14,24,1,4,44,0
,Ilam
"Avonhead","Avonhead School Hall, 55 Avonhead Road",0,6,5,1,1,13,0
,"Merrin School Hall, 41 Merrin Street",3,3,5,0,1,12,1
,"St Christopher's Church Warren Hall, 244 Avonhead Road",2,1,5,0,1,9,0
,"St Mark's Church Main Lounge, 150 Withells Road",0,1,8,2,7,18,1
"Bishopdale","Breens Intermediate School Hall, 85 Breens Road",1,10,13,1,1,26,1
,"Crossroads at Bishopdale, cnr Farrington Ave and Kilburn St",2,9,9,0,1,21,2
,"Isleworth School Hall, 59A Farrington Avenue",1,4,7,0,0,12,1
"Bryndwr","Aorangi School Hall, Colwyn Street",0,11,4,0,3,18,1
,"St Mathew's Church Main Hall, Jeffreys Road",1,1,3,1,1,7,0
,"St Stephen's Presbyterian Church Hall, cnr Ilam and Aorangi Roads",1,6,7,0,4,18,1
,"Wairakei School Hall, 250 Wairakei Road",1,5,14,0,1,21,0
"Burnside","Burnside High School J Block, Memorial Avenue entrance",2,2,2,0,0,6,2
,"Elim Church, 193 Grahams Road",0,8,2,0,1,11,0
,"Kendal School Hall, 53 Kendal Avenue",0,6,4,0,1,11,1
,"Roydvale School Hall, 117 Roydvale Avenue",1,5,0,3,0,9,0
"Fendalton","Christchurch Boys High School, Big Room, Straven Road",3,8,1,0,0,12,0
,"Fendalton Community Centre (former old library), 170 Clyde Road",2,4,13,0,3,22,1
,"Medbury Preparatory School Hall, 109 Clyde Road, (cnr Creyke Road)",0,3,1,0,2,6,0
"Ilam","Ilam School Hall, 66 Ilam Road",1,8,12,0,2,23,1
,"Waimairi Road Community Centre Front Hall, 166-168 Waimairi Road",0,1,2,0,2,5,1
,"Westburn School Hall, 257 Waimairi Road",0,3,5,0,1,9,0
"Merivale","St Mary's Parish Centre Main Hall, 30 Church Lane (cnr Papanui Road)",1,3,5,1,3,13,1
"Papanui","St Paul's Anglican Church Lounge, 1 Harewood Rd",0,4,5,0,2,11,1
,"Waimairi School Hall, Tillman Avenue",0,5,11,0,0,16,0
"Riccarton","New Zealand CCS (Inc) Lounge, 27 Kilmarnock Street",0,0,5,0,1,6,0
,"St Ninian's Presbyterian Church Hall, 9 Puriri St",0,3,2,0,1,6,0
"Upper Riccarton","Villa Maria College Hall, Brodie Street",0,10,1,0,3,14,1
,Invercargill
"Bluff","Bluff Community School, Onslow Street",8,20,59,0,6,93,6
,"St Teresa's School, 181 Foyle Street",3,11,47,2,4,67,2
"Gorge Road","Gorge Road School, Gorge Road",3,3,3,0,2,11,0
"Invercargill","Ascot Community School, 580 Tay Street",2,12,14,0,0,28,1
,"Aurora College, Regent St",1,11,30,0,4,46,0
,"CCS Southland, 142 Don St",0,4,5,0,0,9,0
,"Clifton Salvation Army Hall, Wicklow St",2,21,25,1,2,51,2
,"Donovan School, Drury Lane",0,10,8,1,4,23,0
,"Eastside Baptist Church, cnr Glengarry Cres and Yarrow Street",3,15,21,1,4,44,5
,"Elles Road Bible Chapel, 198 Earn St",0,26,43,1,5,75,5
,"Fernworth School, Pomona St",0,25,58,2,5,90,3
,"Gladstone Scout Hall, cnr Holywood Terrace and Russell Street",1,1,4,0,1,7,0
,"Glengarry Church of Christ, cnr Yarrow St and Adamson Crescent",1,8,16,1,0,26,2
,"Grasmere Church Hall, Heywood Street",1,7,16,1,2,27,1
,"Holy Trinity Anglican Church Hall, King St",0,3,9,1,0,13,1
,"James Hargest High School, 288 Layard Street",0,3,5,1,1,10,0
,"James Hargest Junior Campus, 6 Layard St",0,4,9,0,0,13,0
,"Kew Kindergarten, 51 Selwyn Street",0,10,9,0,0,19,0
,"Knox Church Hall, 107 Pomona Street",1,12,16,1,7,37,2
,"Lindisfarne Kindergarten, 34 Mitchell Street",0,1,6,1,1,9,1
,"Middle School Hall, Jed Street",0,11,16,0,3,30,1
,"New River School, 117 Elizabeth St",3,11,32,1,1,48,1
,"Newfield Park School, Totara St",2,4,8,2,1,17,0
,"Newfield Public Hall, Tweed Street",1,15,32,2,1,51,1
,"North Invercargill Presbyterian Church Jubilee Hall, Windsor Street",1,4,16,4,3,28,0
,"Rawhiti Scout Hall, Exmouth Street",1,3,4,0,0,8,0
,"Rosedale Bible Chapel, Bourke Street",0,0,6,1,0,7,0
,"Southland Girls' High School Hall, 328 Tweed St",0,10,34,0,8,52,1
,"St Andrew's Youth Centre, Elles Road",2,13,43,2,3,63,0
,"St John's Girls' School, 349 Dee Street",0,2,7,0,1,10,2
,"St John's Parish Hall, 108 Tay Street",0,13,8,0,2,23,1
,"St Joseph's School, Tyne Street",0,3,4,1,0,8,1
,"St Paul's Hardie Hall, Dee St",0,3,4,0,2,9,0
,"St Stephen's Church Hall, 290 North Rd",1,2,12,2,4,21,1
,"Waihopai School (Room 3), Herbert Street",0,5,12,3,3,23,0
,"Windsor North School Hall, Windsor Street",0,4,8,0,0,12,0
"Makarewa","Makarewa School, 56 Flora Road East",1,2,4,1,2,10,0
"Mokotua","Mokotua Public Hall",0,2,2,0,1,5,1
"Myross Bush","Myross Bush School, Mill Road North",1,1,3,0,1,6,1
"Otatara","Otatara Community Centre, Dunns Road",3,10,16,0,3,32,3
"Stewart Island","Halfmoon Bay School, Ayr Street",0,1,8,1,1,11,1
"Wallacetown","Wallacetown School, 34 Mauchline Street",1,1,3,0,4,9,0
,Kaikoura
"Amberley","Hurunui District Council, 66 Carters Road",3,1,5,2,3,14,1
"Blenheim","Baptist Church Hall, 8 Beaver Road",1,7,11,1,1,21,0
,"Bohally Intermediate School Hall, McLauchlan Street",1,7,10,0,3,21,0
,"Bright Centre, Dillons Point Road",0,4,10,0,3,17,3
,"Marlborough Boys' College Pavilion, Francis Street",2,23,24,2,3,54,2
,"Mayfield School Hall, Hutcheson Street",0,7,20,1,4,32,3
,"NMIT Marlborough Campus, Block E",0,22,25,1,2,50,2
,"Redwoodtown School, Cleghorn Street",0,21,34,0,8,63,4
,"Salvation Army Hall, George Street",1,6,9,0,1,17,0
,"Springlands School Old Hall, cnr Murphys Road and Aston Street",1,9,14,2,5,31,2
,"St Mark's Hobbies Room, 61 Main Street",1,2,5,2,1,11,1
,"St Ninian's Church Hall, cnr Alabama Road & Riley Crescent",1,3,10,1,4,19,0
,"Triple Links Hall, 6 John Street",2,5,6,0,0,13,0
,"Whitney Street School Hall, Whitney Street",2,12,8,0,4,26,1
,"Witherlea Kindergarten, 18 Alana Place",1,3,5,0,1,10,0
,"Witherlea School, Weld Street",1,10,6,0,0,17,0
"Culverden","Amuri Area School, School Road",2,1,4,0,1,8,1
"Fairhall","Fairhall School, New Renwick Road",1,5,1,1,1,9,0
"Grovetown","Grovetown School, Vickerman Street",0,3,4,0,1,8,0
"Hanmer Springs","Hanmer Springs School, 6 Cheltenham Street",0,6,5,2,0,13,0
"Hapuku","Hapuku School, SH 1",0,10,6,0,0,16,0
"Havelock","Havelock School, Lawrence Street",3,10,11,0,3,27,2
"Hawarden","Hurunui College, Tenterden Street",0,3,2,1,2,8,0
"Kaikoura","Kaikoura High School, Ludstone Road",1,12,4,0,1,18,2
,"St John's Ambulance Hall, Beach Road",0,9,12,0,4,25,2
,"St Peter's Anglican Church Hall, 33 Torquay Street",1,15,12,0,4,32,1
"Koromiko","Koromiko School, SH 1",0,5,5,0,3,13,0
"Leithfield","Leithfield School, Old Main Road",0,1,6,0,1,8,0
"Linkwater","Linkwater School, Queen Charlotte Drive",0,1,3,0,1,5,1
"Loburn","Loburn School, Hodgsons Road",0,3,3,0,0,6,0
"Oaro","Ocean View Motel, SH 1",0,3,2,0,1,6,0
"Picton","Little Theatre, Dublin Street",3,24,15,0,4,46,1
,"Picton School, cnr Buller and Kent Streets",0,22,11,0,2,35,1
,"Queen Charlotte College, Waikawa Road",1,6,6,0,2,15,0
"Rai Valley","Rai Valley Area School, Community Library, SH 6",0,0,4,2,1,7,0
"Rarangi","Rarangi Golf Club, Rarangi Beach Road",0,1,7,0,2,10,0
"Renwick","Renwick Community Hall, High Street",1,10,11,0,3,25,1
"Seddon","Seddon School, Marama Road",1,2,9,0,0,12,1
"Spring Creek","Spring Creek School, Ferry Road",0,5,10,0,1,16,1
"Tuamarina","Tuamarina School, Bush Road",1,2,5,0,0,8,0
"Waiau","Waiau School, Montrose Street",0,5,3,2,0,10,0
"Waikawa Bay","Waikawa Bay School, 282 Waikawa Road",0,14,8,1,0,23,0
"Wairau Pa","Kokiri Centre, Wairau Bar Road",0,6,8,0,1,15,0
"Woodbourne","RNZAF Family Centre, Caldwell Road",0,7,5,0,0,12,0
,Mana
"Porirua","North City Shopping Centre, Titahi Bay Road",0,3,3,0,2,8,0
,Nelson
"Atawhai","Clifton Terrace School Hall, 888 Atawhai Drive",0,4,2,2,2,10,1
"Brightwater","Brightwater School, 106 Ellis Street",0,5,6,0,2,13,2
"Hope","Hope School, Paton Road",0,2,3,1,0,6,0
"Nelson","Athletics Nelson Club Rooms, Pioneer Park, Hastings Street",0,18,21,2,8,49,0
,"Auckland Point School, 111 Haven Road",2,9,25,5,10,51,0
,"Court House, 200 Bridge Street",2,12,4,2,5,25,0
,"Grove Street Kindergarten, 50A Grove Street",0,10,6,0,4,20,0
,"Hampden Street School, 250 Hampden Street",1,9,11,1,5,27,0
,"Nelson Intermediate School, 112 Tipahi Street",1,12,12,1,5,31,1
,"Presbyterian Nelson Trinity Church, 64 Nile Street",1,11,10,1,10,33,0
,"Salvation Army Hall, 57 Rutherford Street",0,11,8,0,6,25,1
,"Sealord Marine Rescue Centre, Wakefield Quay",0,2,3,1,1,7,1
,"Victory School, 214 Vanguard Street",1,26,51,3,13,94,0
"Richmond","Athletic Soccer Club Room, Gladstone Road",0,2,8,1,0,11,1
,"Garin College, 35 Champion Road",1,2,5,4,3,15,0
,"Richmond School Community Hall, Cambridge Street",2,5,12,2,2,23,0
,"Tasman District Council Office, Queen St",0,2,14,0,1,17,1
,"Waimea Intermediate School, 48 Salisbury Road",1,7,7,0,4,19,0
"Stoke","Birchwood School, Durham Street",0,3,10,0,1,14,0
,"Broadgreen Intermediate School, 193 Nayland Road",1,8,17,5,4,35,2
,"St Barnabas Church Hall, 523 Main Road",0,5,12,2,2,21,1
,"Stoke School, 601 Main Road",1,27,33,5,9,75,2
"Tahunanui","Church of Christ Hall, 29 Parkers Road",0,9,17,2,2,30,2
,"Tahunanui School, 69 Muritai Street",1,11,27,3,9,51,3
"Wakatu","Enner Glynn School, 10 The Ridgeway",0,4,10,0,2,16,1
"Wakefield","Wakefield School, Edward Street",0,3,7,2,2,14,0
,Ohariu-Belmont
"Belmont","Belmont School, 709 Western Hutt Road",1,6,12,1,3,23,0
"Churton Park","Churton Park School, 90 Churton Drive",1,14,10,0,2,27,0
"Harbour View","Garage, 36 Viewmont Drive",0,5,6,1,0,12,0
"Johnsonville","Broderick Road Chapel, 17 Broderick Road",1,32,31,2,5,71,0
,"Garage, 6 Glen Alton Avenue",0,4,4,0,0,8,0
,"Johnsonville School Hall, Morgan Street",1,32,30,3,5,71,0
,"Onslow College Hall, Burma Road",0,36,29,1,8,74,1
,"West Park School Hall, Broderick Road",1,13,7,1,1,23,1
"Khandallah","Cashmere Avenue School, 110 Cashmere Avenue",1,8,14,0,6,29,0
,"Onslow Community Church, 4 Ngatoto Street",0,3,3,0,2,8,1
,"Presbyterian Church Hall, 35 Ganges Road",1,10,11,0,3,25,0
"Korokoro","Korokoro School, Korokoro Road",0,3,8,0,2,13,0
"Maungaraki","Garage, 66 Oakleigh Street",0,0,5,0,1,6,0
,"Maungaraki Community Centre, 135 Dowse Drive",2,20,5,1,1,29,0
"Newlands","Bellevue School Hall, Bancroft Terrace",0,11,34,2,3,50,3
,"Newlands School Hall, 200 Newlands Road",1,36,29,1,8,75,1
,"Rewa Rewa School Hall, Padnell Crescent",3,6,20,1,4,34,0
,"Tennis Club, 26 Black Rock Road",2,5,5,0,0,12,0
"Ngaio","Town Hall, Ottawa Road",1,12,14,0,3,30,2
"Paparangi","Paparangi School Hall, Beazley Avenue",1,15,13,0,3,32,0
,Otago
"Alexandra","Alexandra Primary School, Ventry Street",1,7,7,1,2,18,2
,"Dunstan High School Hall, Enterprise Street",1,4,10,1,3,19,0
,"St Gerard's Parish Hall, Tarbert Street",0,4,5,1,4,14,0
"Arrowtown","Arrowtown Primary School, 9 Chalmers Place",1,5,12,1,2,21,2
"Cromwell","Cromwell Sports Club, Anderson Park, Barry Avenue",1,5,15,1,9,31,1
"Frankton","Frankton Presbyterian Church Hall, cnr Ross/McBride Streets",0,10,16,4,2,32,1
,"Queenstown Events Centre, 35 Joe O'Connell Drive",0,3,5,0,5,13,0
"Hampden","Hampden Primary School, 41-47 Norwich Street",1,3,4,0,1,9,1
"Kakanui","Kakanui Primary School, Fyfe Place",0,4,4,0,2,10,0
"Karitane","Karitane Primary School, Coast Road",0,6,6,0,2,14,0
"Middlemarch","Strath Taieri School, Swansea Street",1,1,4,0,0,6,1
"Moeraki","Coronation Hall, Haven Street",0,1,5,0,0,6,2
"Oamaru","Eveline Church Hall, Thames Highway",0,4,14,0,1,19,0
,"Fenwick School, Arun Street",0,3,10,0,1,14,3
,"Garrison Band Hall, 10 Severn Street",0,2,4,0,3,9,0
,"North Otago Vintage Car Club, Stoke Street",0,1,2,3,1,7,0
,"North School, Torridge Street",0,4,5,0,5,14,0
,"Otago Polytech, Oamaru Campus, Humber Street",0,2,5,0,2,9,0
,"Pembroke School, Harlech Street",0,4,9,1,0,14,0
,"Waitaki Girls' High School, Thames Street",1,4,7,0,1,13,1
"Omakau","Omakau Primary School, Deaker Street",0,4,3,0,0,7,0
"Palmerston","Community Centre, Ronaldsay Street",0,3,10,2,1,16,0
"Queenstown","Memorial Hall, cnr Memorial & Stanley Streets",1,11,16,0,5,33,1
,"Queenstown Primary School Hall, Robins Road",0,5,22,0,6,33,0
"Ranfurly","Maniototo Area School Library, 15 Caulfield Street",0,5,2,0,0,7,0
"Roxburgh","Roxburgh Area School, Scotland Street",0,1,9,0,0,10,0
"Waikouaiti","Waikouaiti Primary School, Malloch Street",2,6,13,0,3,24,3
"Waitati","Waitati Primary School, Mt Cargill Road",1,6,3,1,3,14,0
"Wanaka","International Language Centre, Mt Aspiring College, Plantation Road ",4,5,12,1,3,25,0
,"Wanaka Primary School, 71 Tenby Street",1,2,12,1,5,21,0
"Warrington","Warrington Primary School, Ferguson Street",0,2,6,1,1,10,0
,Rakaia
"Ashburton","Allenton School Hall, 110 Harrison St",1,6,19,0,0,26,2
,"Ashburton College Auditorium, 27 Walnut Avenue",0,2,3,0,1,6,0
,"Ashburton Intermediate School, 144 Cass St",0,2,18,2,3,25,1
,"Hampstead School, 55 Wellington St",0,6,12,0,1,19,0
,"Sinclair Community Centre, 74 Park St",1,5,4,1,0,11,0
,"St John Rooms, 241 Tancred St",1,2,10,0,2,15,1
,"Tinwald Scout and Guide Den, Lagmhor Rd",1,1,3,1,2,8,0
,"Tinwald St James Presbyterian Church Hall, cnr Graham St & Thomson St",4,3,8,1,1,17,2
"Burnham","Burnham School, cnr Chaytor Avenue & Godley Rd",2,9,27,1,0,39,2
"Darfield","Darfield High School, McLaughlins Rd",2,3,2,0,2,9,0
,"Malvern Order of St John, cnr Currie Street & North Terrace",1,1,2,1,1,6,0
"Dunsandel","Dunsandel Community Hall, cnr Dunsandel-Hororata Road and Browns Rd",0,3,2,0,1,6,0
"Fairton","Fairton School, Fairfield Road ",0,0,3,3,1,7,0
"Glentunnel","Glentunnel School, Homebush Rd",2,1,5,0,2,10,0
"Leeston","Leeston Consolidated School Hall, Selwyn St",2,4,6,0,3,15,0
"Lincoln","Lincoln High School Hall, 134 North Belt",0,0,6,1,0,7,3
,"Lincoln University, Stewart Lecture Block, Ellesmere Junction Rd",0,4,4,0,2,10,1
"Methven","Mt Hutt College Hall, cnr Main St and McDonald St",0,4,12,1,1,18,0
"Prebbleton","Prebbleton School, Blakes Rd",0,1,10,0,1,12,0
"Rakaia","Rakaia Community Centre, cnr Elizabeth Avenue and Mackie St",0,7,13,2,4,26,2
"Rolleston","Rolleston Community Centre, 126 Rolleston Drive",3,12,12,3,4,34,0
"Southbridge","Southbridge School, 25 Hasting St",1,2,2,0,2,7,0
"Springfield","Tawera Memorial Hall, Main West Coast Rd",1,5,2,0,0,8,0
"Templeton","Templeton Community Centre, Kirk St",1,8,11,0,2,22,0
"West Melton","West Melton School, cnr Weedons-Ross Road and Westview Cres",0,1,4,1,0,6,1
"Yaldhurst","Yaldhurst Memorial Hall, cnr Yaldhurst Rd & Pound Rd",1,2,3,1,1,8,0
,Rimutaka
"Avalon","Avalon School, 10 Gordon Street",1,12,29,0,1,43,2
"Kelson","Kelson School Hall, Taieri Cresent",0,8,10,3,4,25,0
"Manor Park","Former Manor Park School, Ford Road",1,1,7,0,0,9,0
"Naenae","Rata Street School, Rata Street",1,57,82,6,11,157,5
"Taita","Avalon Intermediate School, 1041 High Street",1,17,27,1,0,46,0
,"Pomare School, Partridge Street",0,33,47,2,2,84,2
,"St Michael's School, Cooper Street",0,14,22,4,2,42,2
,"Taita Central School, Churton Crescent",0,28,47,2,10,87,1
,Rongotai
"Berhampore","Berhampore School Hall, 105 Britomart Street",0,7,14,0,7,28,0
,"South Wellington Intermediate School Hall, Rintoul Street",0,11,14,6,1,32,0
,"St Cuthbert's Church Hall, 23 Luxford Street",0,10,8,0,3,21,0
"Chatham Islands, Waitangi","Chatham Islands Council",2,19,37,0,6,64,2
"Hataitai","Hataitai Bowling Club, Upstairs Lounge, 159 Hataitai Road",1,8,10,1,2,22,0
,"Hataitai School Hall, Arawa Road",0,6,13,0,5,24,0
,"Port Nicholson Sea Scouts' Hall, Evans Bay Parade",0,6,2,0,1,9,0
"Houghton Bay","Houghton Valley School, Room 6, 110 Houghton Bay Road",0,3,3,1,1,8,1
"Island Bay","Island Bay Presbyterian Church Lounges, 88 The Parade",3,17,19,0,6,45,4
,"Island Bay School Hall, Thames St",0,3,10,0,3,16,0
,"St Hilda's Church Parish Centre, 311 The Parade",1,22,20,0,6,49,1
"Kilbirnie","Kilbirnie School Hall, 72 Hamilton Road",0,15,6,0,5,26,2
,"St Patrick's Church Parish Centre, 1 Childers Terrace",1,21,38,0,4,64,3
"Kingston","Capital Montessori School, Rata Classroom, 14 Camrose Grove",2,4,3,1,6,16,1
"Lyall Bay","Lyall Bay Pavilion, Lyall Bay Parade",1,10,12,0,6,29,1
,"Lyall Bay School Hall, Freyberg Street",0,30,33,7,7,77,1
"Maupuia","Garage, 70 Akaroa Drive",0,13,6,0,3,22,1
"Miramar","Holy Cross School Hall, 117 Miramar Avenue",0,15,9,0,2,26,0
,"Miramar Baptist Church Hall, 33 Park Road",1,10,11,5,6,33,3
,"Miramar Central School Hall, 38 Park Road",0,21,18,0,5,44,0
,"Miramar Community Centre, 27 Chelsea St",1,7,3,0,0,11,1
,"Miramar North School Hall, 23 Weka Street",0,2,6,0,2,10,0
,"Miramar South School Hall, 1 Kauri Street",0,3,24,0,0,27,0
"Mornington","Ridgway School Room 7, Mornington Road",0,11,7,2,3,23,1
"Newtown","Newtown School Hall, Mein Street",1,35,42,1,13,92,1
,"The Congregational Christian Church of Samoa EFKS, Room 2, 172-180 Owen Street",0,4,3,0,1,8,0
,"Trinity Union Church Hall, Riddiford St / Hall Avenue",1,2,5,0,4,12,0
,"Wellington Chinese Baptist Church Hall, 24 Donald McLean Street",0,13,12,0,7,32,3
,"Wellington South Salvation Army Hall, 16-22 Constable Street",2,17,16,1,9,45,2
"Owhiro Bay","Owhiro Bay School Hall, 96 Happy Valley Road",1,14,8,1,1,25,0
"Rongotai","Rongotai College, Renner Hall, 170 Coutts Street",1,25,25,0,5,56,0
"Roseneath","St Barnabas Church Hall, 15 Maida Vale Road",1,7,4,0,2,14,0
"Seatoun","St Anthony's School Junior Block 1, 10 Ludlam Street",0,3,2,0,1,6,1
,"St Christopher's Village Hall, Ventnor Street (cnr Forres Street)",0,3,2,0,1,6,0
"Strathmore Park","Ancient & Apostolic Church of the East, St George Parish, 6 Glamis Ave",0,3,8,0,1,12,0
,"Garage, 20 Ahuriri Street",0,3,16,0,0,19,1
,"Strathmore Community School, Strathmore Avenue",0,22,21,0,5,48,0
"Vogeltown","Garage, 2/2 Short Street",0,6,0,0,0,6,0
"Worser Bay","Worser Bay School, Middle Area, 168 Seatoun Heights Road",1,1,1,1,1,5,1
,Waimakariri
"Belfast","Belfast School, 700 Main North Road",0,12,11,0,1,24,0
,"Papanui ACC Office, Northwood Supa Centre, 1 Radcliffe Road",1,5,3,1,0,10,0
,"Salvation Army Hall, 794 Main North Road",2,8,11,1,0,22,2
"Bishopdale","Bishopdale School Hall, 465 Greers Road",2,12,10,0,2,26,0
,"Cotswold School, 50 Cotswold Avenue",0,10,17,0,2,29,0
,"Reformed Church, 90 Highsted Road",3,6,3,1,0,13,0
"Clarkville","Clarkville School, Heywards Road",1,0,3,0,1,5,1
"Kaiapoi","Kaiapoi Community Centre Hall, 24 Sewell Street",3,12,27,1,5,48,2
,"Kaiapoi Cooperating Parish, Wesley Centre, 53 Fuller St",3,8,24,1,1,37,1
,"Kaiapoi High School Auditorium, Ohoka Road",3,16,33,2,5,59,0
,"Kaiapoi North School, 278 Williams Street",3,7,17,1,2,30,1
"Marshland","Marshland School, 329 Prestons Road",1,3,2,0,1,7,2
"Ohoka","Ohoka School, Jacksons Road",0,2,1,1,2,6,2
"Oxford","Jaycee's Room, Main Street",2,5,6,0,1,14,0
"Papanui","Casebrook Intermediate, 90 Veitches Road",0,4,11,0,4,19,2
,"Papanui Baptist Church, 144 Sawyers Arms Road",0,5,7,2,1,15,3
,"Papanui Methodist Church Hall, 68 Harewood Rd (cnr Chapel St)",1,13,11,1,5,31,1
"Pines Beach","Public Hall, 7 Dunns Avenue",1,5,11,0,2,19,1
"Rangiora","Ashgrove School, 48 Seddon Street",1,1,4,2,1,9,0
,"Rangiora Borough School, King Street",4,7,10,2,1,24,2
,"Rangiora High School, East Belt",0,2,5,1,0,8,0
,"Salvation Army Hall, 12 Ashley Street",0,6,5,2,1,14,0
,"Southbrook School, 26 Marshall Street",2,3,11,4,2,22,0
"Redwood","Early Childhood Centre, 339 Main North Road",0,7,4,0,1,12,0
,"Northcote School, 26 Tuckers Road",2,6,17,0,6,31,0
,"Play Centre, 40 Dunedin Street",0,1,5,0,1,7,1
,"School, 51 Prestons Road",1,5,17,0,3,26,1
,"Scout Hall, 20 Sturrocks Road",1,2,4,0,2,9,1
"Tuahiwi","Tuahiwi School, 206 Tuahiwi Road",5,24,28,0,6,63,2
"Waikuku","Waikuku School, Main Road",1,2,3,0,1,7,0
"Waikuku Beach","Waikuku Beach Hall, Park Terrace",0,4,7,2,1,14,0
"Woodend","Woodend School, Main Road ",2,7,12,0,0,21,0
,Wellington Central
"Brooklyn","Brooklyn Community Centre, Harrison Street",1,9,10,0,9,29,1
,"Brooklyn School, Washington Avenue",1,10,5,0,3,19,0
"Chartwell","Chartwell School Hall, Chartwell Drive",0,4,5,0,1,10,1
"City","Aro Valley Community Centre, 48 Aro Street",1,26,36,1,16,80,0
,"Mount Cook Preschool, 160 Tory Street",1,14,13,0,6,34,1
,"St Andrew's Church Hall, 30 The Terrace",0,3,3,0,2,8,0
,"St John's Church Conference Centre, Dixon Street",0,12,11,0,9,32,0
,"Wellington Central Church, 39 Webb Street",0,10,20,2,4,36,3
,"Wellington High School, Main Foyer, 249 Taranaki Street",0,12,9,1,4,26,0
,"Wellington Town Hall, 111 Wakefield Street",3,38,38,1,19,99,2
,"Wesley Church New Hall, 75 Taranaki Street",0,12,14,2,9,37,1
"Karori","Karori Baptist Church, 161-163 Karori Rd",0,2,6,1,1,10,0
,"Karori Normal School Hall, Donald Street",0,12,6,0,2,20,1
,"Karori West School, Allington Road",3,24,19,0,2,48,0
,"Karori West Scout Hall, 21 Sunshine Avenue",0,4,9,1,1,15,0
,"Sprott House, Recreation Lounge, Messines Road",0,3,2,0,2,7,0
,"St Teresa's Parish Hall, 301 Karori Road",0,17,5,2,2,26,2
"Kelburn","Kelburn Normal School Hall, Kowhai Road",0,9,4,0,3,16,1
,"St Michael's and All Angels Parish Hall, 83 Upland Road",0,10,3,0,3,16,0
"Makara","Makara School, 399 Makara Rd",0,3,5,0,2,10,1
"Mt Victoria","Clyde Quay School Hall, Elizabeth Street",1,30,24,0,13,68,1
,"St Joseph's Church, Bill Pearce Room, 154 Brougham Street",0,7,7,0,4,18,1
"Newtown","St James Presbyterian Church Lounge, 235 Adelaide Road",0,3,2,0,3,8,0
,"St Paul's Lutheran Church, King Street",1,2,6,0,1,10,0
,"Te Whaea National Dance & Drama Centre, Student Common Room, Hutchison Road",0,5,8,0,1,14,0
"Northland","Northland School, Harbour View Road",0,11,6,0,1,18,1
,"St Anne@Ward Church Hall, Northland Road",0,5,6,0,5,16,0
"Oriental Bay","Overseas Terminal, Ground Floor, 1 Herd Street",0,2,6,0,1,9,0
"Thorndon","De Porres House, St Mary's College, Guilford Tce",0,5,4,0,2,11,0
,"Thorndon School Hall, Hobson Crescent",1,11,14,0,5,31,0
,"Wellington Bridge Club, 17 Tinakori Road",0,10,9,1,4,24,0
"Wadestown","St Luke's Centre, 32 Pitt Street",0,6,8,1,3,18,0
,"Wadestown School, 2 Rose Street",0,1,5,0,1,7,0
"Wilton","Otari School, 166 Wilton Road",0,21,11,1,1,34,2
,West Coast-Tasman
"Arahura","Arahura Whare Wananga, SH 6",0,12,18,0,0,30,3
"Cobden","Bowling Club Rooms, 84a Ward St",3,2,5,0,0,10,0
,"Cobden School, Fox St",1,6,6,1,0,14,2
"Dobson","Paparoa Range School, Herald St",4,1,2,2,0,9,0
"Dovedale","Dovedale School, Wakefield Thorpe, Wakefield",1,3,3,1,0,8,0
"Fox Glacier","Te Moeka O Tuawe School, Cook Flat Rd",0,3,4,1,0,8,0
"Franz Josef","Franz Josef/Waiau Community Centre, SH 6",0,6,3,0,2,11,0
"Granity","Granity School, 83 Torea St",0,1,3,0,1,5,1
"Greymouth","Grey Main School, Joyce Crescent",0,1,4,1,0,6,2
,"Grey United Tennis Club, Shakespeare St",0,2,5,0,1,8,0
,"Karoro Learning Centre, 180 Tainui St",0,11,12,0,3,26,1
,"Regent Theatre, cnr Mackay & Herbert Sts",0,2,3,1,1,7,1
"Haast","Haast School, Hannahs Clearing",0,3,4,0,1,8,1
"Hari Hari","Sth Westland Area School, Wanganui Flat Rd",1,1,1,1,1,5,1
"Hector","Ngakawau Domain Hall, Main Rd",0,4,6,0,0,10,0
"Hokitika","Church of Christ Hall, cnr Sale & Stafford St",1,5,8,0,2,16,2
,"Hokitika Regent Theatre, Tancred St",1,9,13,0,1,24,0
,"St Mary's Primary School, Sewell St",0,5,9,0,1,15,2
,"Westland High School, Sale St",2,9,11,0,1,23,1
"Kaniere","Kaniere School, 16 Camp St ",0,4,3,0,1,8,2
"Lower Moutere","Lower Moutere School RD 2",2,0,5,0,2,9,0
"Mapua","Mapua School, 4 Stafford Drive",1,3,4,0,8,16,0
"Moana","Lake Brunner School, Ahau St",0,1,2,0,2,5,1
"Motueka","Motueka South School, 450 High St",0,8,10,0,3,21,1
,"Parklands School, 9 - 19 Pah St",0,41,54,5,12,112,1
,"Salvation Army Hall, 8 Greenwood St",0,6,10,2,4,22,0
"Motupipi","Motupipi School, RD1 Takaka",0,2,2,0,1,5,1
"Murchison","Murchison Area School, Waller St",0,1,1,0,3,5,2
"Paroa","Paroa School, Main South Rd",2,3,5,0,0,10,1
"Reefton","Reefton Community Centre",0,2,3,2,0,7,0
"Riwaka","Riwaka Memorial Hall, Main Rd",0,4,6,0,1,11,0
,"Riwaka School, 22 School Rd",1,2,9,0,1,13,0
"Ross","Ross School, Moorhouse St",1,3,4,0,1,9,2
"Runanga","Runanga School, McGowan St",2,1,6,0,2,11,1
"Seddonville","Seddonville Bowling Club",0,2,3,0,1,6,0
"Takaka","Tasman District Council Office, 78 Commercial St",0,3,14,0,0,17,2
"Tapawera","Taparewa Area School, Main Rd",0,3,3,0,0,6,0
"Upper Moutere","Upper Moutere School, Main Rd",0,4,4,0,2,10,0
"Waimangaroa","Waimangaroa School, Stewart St",0,1,4,0,1,6,0
"Westport","Kawatiri Maori Women's Welfare League, 1 Lyndhurst St",0,3,11,0,2,16,0
,"St Canice's School, cnr Brougham & Derby Sts",1,1,7,0,1,10,0
,"Westport Courthouse, Wakefield St",1,4,6,1,1,13,0
,"Westport North School, Cobden St",1,1,2,0,1,5,1
,"Westport South School, Derby St",1,8,0,0,1,10,1
"Whataroa","Whataroa Courthouse, Main Rd",0,3,3,1,0,7,0
,Wigram
"Addington","Addington School, 22 Brougham Street",3,13,18,1,5,40,0
"Beckenham","Beckenham School, Sandwich Road",2,6,9,0,4,21,0
,"St Peter's School, 11 Fisher Avenue",1,3,4,0,1,9,0
"Hei Hei","Gilberthorpe School, 163 Gilberthorpes Road",0,10,7,0,1,18,2
,"Kids First Kindergarten, Wycola Avenue",1,9,6,0,1,17,1
,"St Aidan's Church Hall, 173 Buchanans Road",4,13,20,0,3,40,0
"Hillmorton","Hillmorton Kindergarten, 14 Torrens Road",1,4,4,0,1,10,1
,"Rowley School, 48 Rowley Avenue",5,16,28,2,3,54,1
,"Spreydon School, 2 Halswell Road",2,9,4,0,2,17,1
"Hoon Hay","Hillmorton High School, Recreation Hall, Tankerville Road",0,9,6,1,2,18,1
,"Hoon Hay School Library, 91 Sparks Road",1,9,13,1,3,27,2
,"Manning Intermediate, 50 Hoon Hay Road",1,5,7,2,0,15,0
,"Presbyterian Church Hall, 5 Downing Street",1,1,3,0,1,6,0
"Hornby","Branston Intermediate, 35 Amyes Road",4,16,27,1,2,50,2
,"Hornby Library, Goulding Avenue",8,9,15,1,3,36,1
,"Hornby School Hall, Waterloo Road",2,13,14,0,4,33,3
,"South Hornby School, Shands Rd",1,4,14,0,0,19,0
,"St Columba's Church Hall, 452 Main South Rd",2,3,8,1,1,15,0
"Riccarton","NZ Blood Donor Service, 87 Riccarton Road",0,5,9,3,4,21,0
,"St Hilda's Church Hall, 7 Centennial Avenue",0,3,7,0,2,12,0
,"Wharenui School, Matipo St",1,5,10,2,3,21,1
"Russley","Russley School, 75 Cutts Road",0,4,2,1,1,8,0
,"St Stephen's Methodist Church, 376 Yaldhurst Rd",1,2,3,0,0,6,0
"Sockburn","Sockburn School, 34 Springs Rd",6,22,26,0,4,58,2
,"Sockburn Service Centre, 149 Main South Road",1,8,4,0,1,14,1
"Somerfield","Cashmere High School, Rose Street",1,1,6,0,1,9,0
,"Somerfield School, 42 Studholme Street",1,6,12,1,5,25,1
"Spreydon","Christchurch South Intermediate, 204 Selwyn Street",5,12,15,0,2,34,2
,"Spreydon Baptist, Cobham St Hall, 51 Cobham Street",2,3,14,1,3,23,0
,"St James Presbyterian Hall, cnr Barrington & Bewdley Street",1,3,6,0,3,13,3
,"St Martins Church Neave Room, 50 Lincoln Road",2,4,6,1,2,15,1
,"St Nicholas Church Hall, 331 Barrington St",0,5,4,0,1,10,0
,"Te Kura Kaupapa Maori O Te Whanau Tahi, 81 Lyttelton Street",0,14,11,1,1,27,0
,"West Spreydon School Llibrary, 147 Lyttelton Street",2,2,8,0,3,15,0
"Sydenham","St Saviours Anglican Hall, 200 Colombo Street",3,10,9,1,6,29,0
,"Sydenham Community Centre, 23-25 Hutcheson St",0,8,10,1,3,22,1
"Upper Riccarton","Middleton Grange School, 50 Acacia Avenue",1,3,3,2,1,10,1
,"Riccarton High School, Curletts Road",1,9,6,2,2,20,0
,"Riccarton School, English Street",1,1,5,0,0,7,1
,"St Thomas of Canterbury College, 69 Middlepark Road",0,3,6,0,3,12,0
,"Polling places where less than 6 votes were taken",48,212,303,28,86,677,40
,"Hospital Votes",3,22,20,1,5,51,3
,"Ordinary Votes BEFORE polling day",41,367,443,30,134,1015,40
,"Special Votes BEFORE polling day",6,65,64,4,21,160,8
,"Special Votes On polling day",34,611,567,38,198,1448,52
,"Overseas Special Votes including defence force",5,51,75,2,19,152,1
,"Te Tai Tonga Total",705,6512,9015,559,2296,19087,644
,,,,,,"Valid Candidate Votes plus Informal Candidate Votes",19731
"Electorate Candidate Valid Votes","Party",,"OKEROA, Mahara - majority 2503"
"CALDWELL, Russell Stanton",Jim Anderton's Progressive,705,.0369361345
"OHIA, Rereamoamo Monte",Mâori Party,6512,.3411746215
"OKEROA, Mahara",Labour Party,9015,.472310997
"SAMUEL, Maru David",Destiny New Zealand,559,.0292869492
"STANTON TURIE, Metiria Leanne Agnes",Green Party,2296,.1202912977
